PHASE,ID,GENDER,STATUS,CHILDREN,ESTINCOME,CAROWNER,AGE,LONGDISTANCE,INTERNATIONAL,LOCAL,DROPPED,PAYMETHOD,LOCALBILLTYPE,LONGDISTANCEBILLTYPE,USAGE,RATEPLAN
Adult,2048,F,S,1,13576.5,N,39.426667,14.83,0,25.66,0,CC,Budget,Standard,40.49,1
Adult,2054,F,M,2,84166.1,N,54.013333,3.28,0,11.74,1,CC,Budget,Standard,15.02,2
Adult,2075,F,S,0,68427.4,N,42.393333,23.76,0,50.05,0,Auto,FreeLocal,Standard,73.81,3
Adult,2095,F,M,2,77551.1,Y,33.6,20.53,0,41.89,1,CC,Budget,Intnl_discount,62.42,2
Adult,2108,F,S,1,13109.1,N,62.606667,22.38,0,40.48,0,Auto,Budget,Standard,62.87,1
Adult,2124,M,M,2,1765.41,N,18.766667,3.04,0,44.95,0,CC,FreeLocal,Standard,47.99,4
Adult,2154,M,S,0,65000,Y,45.653333,11.63,9.7,115.66,1,Auto,FreeLocal,Intnl_discount,137,4